Date,Open,High,Low,Close*,Adj Close**,Statues
26-Mar-21,"1,052.54","1,100.42","1,033.65","1,100.34","1,100.34",Before
29-Mar-21,"1,155.36","1,163.87","1,155.36","1,162.65","1,162.65",Before
30-Mar-21,"1,185.43","1,186.98","1,185.43","1,186.98","1,186.98",Before
31-Mar-21,"1,202.66","1,207.27","1,193.32","1,194.19","1,194.19",Before
1-Apr-21,"1,207.84","1,207.84","1,207.40","1,207.43","1,207.43",Before
5-Apr-21,"1,234.33","1,234.33","1,230.00","1,230.94","1,230.94",Before
6-Apr-21,"1,227.07","1,231.48","1,222.82","1,231.48","1,231.48",Before
7-Apr-21,"1,182.68","1,182.68","1,181.45","1,182.62","1,182.62",Before
8-Apr-21,"1,182.68","1,227.44","1,169.19","1,216.42","1,216.42",Before
9-Apr-21,"1,216.40","1,243.83","1,216.35","1,233.38","1,233.38",Before
12-Apr-21,"1,284.02","1,285.26","1,284.02","1,285.26","1,285.26",Before
13-Apr-21,"1,352.36","1,360.89","1,346.33","1,351.53","1,351.53",Before
14-Apr-21,"1,352.36","1,400.04","1,328.08","1,360.44","1,360.44",Before
15-Apr-21,"1,396.98","1,402.75","1,396.98","1,397.85","1,397.85",Before
16-Apr-21,"1,396.98","1,407.11","1,336.66","1,393.98","1,393.98",Before
19-Apr-21,"1,261.69","1,274.19","1,261.69","1,274.19","1,274.19",Before
20-Apr-21,"1,283.16","1,290.63","1,281.85","1,289.88","1,289.88",Before
21-Apr-21,"1,267.28","1,273.82","1,253.10","1,253.10","1,253.10",Before
22-Apr-21,"1,200.39","1,200.39","1,193.69","1,193.69","1,193.69",Before
23-Apr-21,"1,200.39","1,211.06","1,078.28","1,163.43","1,163.43",Before
26-Apr-21,"1,209.59","1,221.86","1,209.59","1,221.86","1,221.86",Before
27-Apr-21,"1,280.03","1,290.44","1,279.99","1,284.20","1,284.20",Before
28-Apr-21,"1,280.03","1,314.45","1,251.78","1,285.63","1,285.63",Before
29-Apr-21,"1,257.74","1,262.84","1,257.51","1,261.67","1,261.67",Before
30-Apr-21,"1,257.74","1,342.69","1,257.51","1,337.47","1,337.47",Before
3-May-21,"1,409.53","1,409.85","1,408.17","1,408.17","1,408.17",Before
4-May-21,"1,388.95","1,388.97","1,366.59","1,369.16","1,369.16",Before
5-May-21,-,-,-,-,-,Before
6-May-21,"1,465.81","1,465.81","1,463.35","1,463.35","1,463.35",Before
7-May-21,"1,465.81","1,520.02","1,431.58","1,473.19","1,473.19",Before
10-May-21,"1,470.20","1,470.23","1,470.20","1,470.23","1,470.23",Before
11-May-21,-,-,-,-,-,Before
12-May-21,"1,482.69","1,484.45","1,422.59","1,424.22","1,424.22",Before
13-May-21,"1,344.33","1,344.33","1,337.90","1,338.41","1,338.41",Before
14-May-21,"1,344.33","1,436.73","1,316.31","1,404.96","1,404.96",Before
17-May-21,"1,228.82","1,228.82","1,214.46","1,215.69","1,215.69",Before
18-May-21,"1,217.54","1,217.54","1,201.98","1,215.35","1,215.35",Before
19-May-21,962.17,"1,019.02",962.17,"1,009.62","1,009.62",Before
20-May-21,-,-,-,-,-,Before
21-May-21,"1,066.17","1,104.48",846.13,933.13,933.13,Before
24-May-21,845.02,"1,011.64",827.27,998.07,998.07,Before
25-May-21,-,-,-,-,-,Before
26-May-21,"1,020.33","1,030.84","1,016.23","1,028.28","1,028.28",Before
27-May-21,"1,014.21","1,025.55","1,014.21","1,025.55","1,025.55",Before
28-May-21,"1,014.21","1,025.55",894.5,902.14,902.14,Before
1-Jun-21,958.15,965.91,951.61,965.76,965.76,Before
2-Jun-21,"1,010.45","1,012.79","1,001.55","1,001.55","1,001.55",Before
3-Jun-21,"1,038.92","1,038.98","1,035.45","1,036.85","1,036.85",Before
4-Jun-21,"1,038.92","1,050.74",943.27,992.54,992.54,Before
7-Jun-21,916.34,916.34,916.34,916.34,916.34,Before
8-Jun-21,899.46,902.33,893.73,901.32,901.32,Before
9-Jun-21,949.1,949.1,947.65,947.65,947.65,Before
10-Jun-21,-,-,-,-,-,Before
11-Jun-21,939.71,955.51,920.13,921.64,921.64,Before
14-Jun-21,998.42,"1,005.98",998,"1,002.39","1,002.39",Before
15-Jun-21,995.57,995.57,995.56,995.56,995.56,Before
16-Jun-21,959.79,963.07,957.53,958.18,958.18,Before
17-Jun-21,937.59,937.59,936.22,936.92,936.92,Before
18-Jun-21,937.59,949.58,871.46,884.86,884.86,Before
21-Jun-21,778.09,778.09,775.77,776.68,776.68,Before
22-Jun-21,773.59,775.6,762.35,773.78,773.78,Before
23-Jun-21,793.81,793.81,793.81,793.81,793.81,Before
24-Jun-21,836.93,838.04,836.93,838.04,838.04,Before
25-Jun-21,836.93,853.01,757.65,772.39,772.39,Before
28-Jun-21,844.42,848.66,835.74,837.68,837.68,Before
29-Jun-21,882.14,882.14,880.82,881.52,881.52,Before
30-Jun-21,864.69,868.54,863.99,867.51,867.51,Before
1-Jul-21,827.61,830.17,825.4,828.08,828.08,Before
2-Jul-21,827.61,835.21,801.54,816.95,816.95,Before
6-Jul-21,850.51,876.55,837.06,853.13,853.13,Before
7-Jul-21,871.51,871.51,871.51,871.51,871.51,Before
8-Jul-21,816.12,816.12,816.12,816.12,816.12,Before
9-Jul-21,809.39,838.07,793.65,837.8,837.8,Before
12-Jul-21,804.22,804.22,804.22,804.22,804.22,Before
13-Jul-21,788.29,789.79,786.99,786.99,786.99,Before
14-Jul-21,788.29,802.77,761.23,795.15,795.15,Before
15-Jul-21,769.61,772.91,768.74,772.34,772.34,Before
16-Jul-21,769.61,779.55,748.57,763.07,763.07,Before
19-Jul-21,734.02,739.09,734.02,738.73,738.73,Before
20-Jul-21,710.86,711.61,709.61,710.12,710.12,Before
21-Jul-21,765.59,773.41,765.56,771.43,771.43,Before
22-Jul-21,779.47,781.15,777.4,778.71,778.71,Before
23-Jul-21,779.47,800.87,774.71,793.84,793.84,Before
26-Jul-21,885.23,890.8,879.05,885.11,885.11,Before
27-Jul-21,905.6,907.13,902.17,907.13,907.13,Before
28-Jul-21,938.33,938.33,938.33,938.33,938.33,Before
29-Jul-21,932.59,937.75,932.16,936.9,936.9,Before
30-Jul-21,932.59,958.38,912.9,955.03,955.03,Before
2-Aug-21,959.32,965.97,959.2,965.09,965.09,Before
3-Aug-21,928.35,928.35,928.35,928.35,928.35,Before
4-Aug-21,977.06,977.06,977.06,977.06,977.06,Before
5-Aug-21,"1,005.54","1,005.54","1,005.54","1,005.54","1,005.54",Before
6-Aug-21,"1,009.90","1,053.92",986.19,"1,041.16","1,041.16",Before
9-Aug-21,"1,084.36","1,138.52","1,045.85","1,113.64","1,113.64",Before
10-Aug-21,"1,130.56","1,134.40","1,130.56","1,132.08","1,132.08",Before
11-Aug-21,"1,130.56","1,167.95","1,118.92","1,157.26","1,157.26",Before
12-Aug-21,"1,101.88","1,103.20","1,097.23","1,097.23","1,097.23",Before
13-Aug-21,"1,101.88","1,185.60","1,088.39","1,183.17","1,183.17",Before
16-Aug-21,"1,167.02","1,174.89","1,165.91","1,169.59","1,169.59",Before
17-Aug-21,"1,123.24","1,126.41","1,118.20","1,118.20","1,118.20",Before
18-Aug-21,"1,116.77","1,127.06","1,116.77","1,124.41","1,124.41",Before
19-Aug-21,"1,176.27","1,176.27","1,168.23","1,172.95","1,172.95",Before
20-Aug-21,"1,176.27","1,236.35","1,168.23","1,230.01","1,230.01",Before
23-Aug-21,"1,259.24","1,259.80","1,254.77","1,258.12","1,258.12",Before
24-Aug-21,"1,259.24","1,263.89","1,196.92","1,217.43","1,217.43",Before
25-Aug-21,"1,229.59","1,232.69","1,225.44","1,225.53","1,225.53",Before
26-Aug-21,"1,184.19","1,188.16","1,182.20","1,187.33","1,187.33",Before
27-Aug-21,"1,184.19","1,233.98","1,159.30","1,231.85","1,231.85",Before
30-Aug-21,"1,227.21","1,237.47","1,190.72","1,231.43","1,231.43",Before
31-Aug-21,"1,225.77","1,234.39","1,179.95","1,210.52","1,210.52",Before
1-Sep-21,"1,271.69","1,279.53","1,271.69","1,276.05","1,276.05",Before
2-Sep-21,"1,303.76","1,303.81","1,299.73","1,300.12","1,300.12",Before
3-Sep-21,"1,303.76","1,341.37","1,265.63","1,306.21","1,306.21",Before
7-Sep-21,"1,181.60","1,188.44","1,176.86","1,184.38","1,184.38",Before
8-Sep-21,"1,182.92","1,204.55","1,182.92","1,204.55","1,204.55",Before
9-Sep-21,"1,197.49","1,200.32","1,195.16","1,197.22","1,197.22",Before
10-Sep-21,"1,197.49","1,215.20","1,129.28","1,136.43","1,136.43",Before
13-Sep-21,"1,166.74","1,196.12","1,109.10","1,149.40","1,149.40",Before
14-Sep-21,"1,182.76","1,189.96","1,182.76","1,189.96","1,189.96",Before
15-Sep-21,"1,235.06","1,235.13","1,232.25","1,233.19","1,233.19",Before
16-Sep-21,"1,221.60","1,223.29","1,219.57","1,219.99","1,219.99",Before
17-Sep-21,"1,221.60","1,233.94","1,185.94","1,193.48","1,193.48",Before
20-Sep-21,"1,082.46","1,092.96","1,082.46","1,092.96","1,092.96",Before
21-Sep-21,"1,082.46","1,094.45","1,010.38","1,016.33","1,016.33",Before
22-Sep-21,"1,025.77","1,102.07",996.36,"1,089.55","1,089.55",Before
23-Sep-21,"1,121.24","1,124.17","1,114.72","1,116.17","1,116.17",Before
24-Sep-21,"1,121.24","1,128.89","1,009.13","1,071.16","1,071.16",Before
27-Sep-21,"1,066.57","1,074.17","1,066.46","1,074.17","1,074.17",Before
28-Sep-21,"1,066.57","1,074.95","1,014.68","1,033.22","1,033.22",Before
29-Sep-21,"1,020.79","1,021.77","1,018.16","1,018.44","1,018.44",Before
30-Sep-21,"1,082.22","1,082.83","1,079.91","1,081.39","1,081.39",Before
1-Oct-21,"1,082.22","1,195.45","1,073.53","1,188.78","1,188.78",Before
4-Oct-21,"1,210.81","1,212.88","1,207.52","1,208.86","1,208.86",Before
5-Oct-21,"1,273.94","1,274.16","1,273.01","1,274.16","1,274.16",Before
6-Oct-21,"1,325.85","1,329.64","1,322.66","1,323.48","1,323.48",Before
7-Oct-21,"1,320.65","1,322.47","1,309.26","1,310.10","1,310.10",Before
8-Oct-21,"1,320.65","1,348.87","1,301.66","1,309.56","1,309.56",Before
11-Oct-21,"1,305.93","1,362.76","1,291.83","1,343.45","1,343.45",Before
12-Oct-21,"1,324.69","1,326.78","1,324.69","1,326.71","1,326.71",Before
13-Oct-21,"1,324.69","1,353.76","1,293.74","1,345.49","1,345.49",Before
14-Oct-21,"1,383.53","1,383.73","1,377.96","1,378.02","1,378.02",Before
15-Oct-21,"1,383.53","1,471.39","1,363.15","1,443.48","1,443.48",Before
18-Oct-21,"1,440.54","1,441.13","1,435.34","1,435.34","1,435.34",Before
19-Oct-21,"1,440.54","1,483.07","1,435.17","1,481.22","1,481.22",Before
20-Oct-21,"1,540.91","1,544.91","1,536.49","1,543.84","1,543.84",Before
21-Oct-21,"1,540.91","1,569.04","1,477.54","1,490.38","1,490.38",Before
22-Oct-21,"1,488.68","1,513.32","1,431.49","1,444.51","1,444.51",Before
25-Oct-21,"1,504.32","1,506.27","1,501.64","1,506.20","1,506.20",Before
26-Oct-21,"1,476.51","1,478.44","1,462.84","1,469.25","1,469.25",Before
27-Oct-21,"1,476.51","1,494.99","1,391.31","1,406.02","1,406.02",Before
28-Oct-21,"1,412.06","1,501.47","1,391.34","1,491.73","1,491.73",Before
29-Oct-21,"1,475.68","1,531.62","1,469.51","1,522.08","1,522.08",Before
1-Nov-21,"1,497.37","1,518.64","1,454.33","1,486.76","1,486.76",Before
2-Nov-21,"1,495.72","1,567.20","1,486.35","1,550.52","1,550.52",Before
3-Nov-21,"1,548.97","1,567.53","1,517.78","1,559.78","1,559.78",Before
4-Nov-21,"1,552.99","1,559.11","1,500.55","1,523.13","1,523.13",Before
5-Nov-21,"1,518.41","1,547.76","1,508.87","1,518.62","1,518.62",Before
8-Nov-21,"1,639.97","1,659.97","1,636.95","1,659.97","1,659.97",Before
9-Nov-21,"1,656.50","1,659.02","1,652.81","1,656.21","1,656.21",Before
10-Nov-21,"1,601.61","1,601.61","1,581.32","1,587.74","1,587.74",Before
11-Nov-21,"1,617.19","1,617.41","1,614.49","1,614.60","1,614.60",Before
12-Nov-21,"1,617.19","1,627.20","1,541.21","1,581.97","1,581.97",Before
15-Nov-21,"1,590.77","1,635.55","1,572.87","1,579.75","1,579.75",Before
16-Nov-21,"1,486.90","1,488.46","1,482.41","1,484.10","1,484.10",Before
17-Nov-21,"1,471.36","1,474.71","1,466.83","1,468.18","1,468.18",Before
18-Nov-21,"1,471.36","1,497.90","1,382.17","1,407.09","1,407.09",Before
19-Nov-21,"1,413.07","1,451.63","1,369.73","1,443.66","1,443.66",Before
22-Nov-21,"1,406.30","1,406.30","1,397.26","1,400.09","1,400.09",Before
23-Nov-21,"1,442.08","1,445.93","1,441.13","1,445.10","1,445.10",Before
24-Nov-21,"1,424.01","1,427.13","1,423.04","1,423.71","1,423.71",Before
26-Nov-21,"1,486.97","1,495.68","1,331.70","1,365.60","1,365.60",Before
29-Nov-21,"1,402.27","1,471.08","1,402.27","1,460.81","1,460.81",Before
30-Nov-21,"1,464.34","1,466.84","1,459.14","1,462.16","1,462.16",Before
1-Dec-21,"1,451.43","1,456.40","1,450.81","1,455.57","1,455.57",Before
2-Dec-21,"1,449.32","1,449.32","1,441.49","1,441.49","1,441.49",Before
3-Dec-21,"1,449.32","1,467.70","1,328.84","1,367.14","1,367.14",Before
6-Dec-21,"1,265.57","1,286.96","1,205.70","1,286.62","1,286.62",Before
7-Dec-21,"1,298.16","1,303.33","1,294.75","1,302.11","1,302.11",Before
8-Dec-21,"1,298.16","1,332.53","1,269.23","1,320.56","1,320.56",Before
9-Dec-21,"1,310.48","1,330.74","1,229.74","1,251.32","1,251.32",Before
10-Dec-21,"1,248.75","1,286.23","1,214.03","1,237.78","1,237.78",Before
13-Dec-21,"1,283.12","1,284.67","1,156.82","1,177.24","1,177.24",Before
14-Dec-21,"1,197.40","1,216.57","1,197.40","1,215.55","1,215.55",Before
15-Dec-21,"1,197.40","5,062.93","1,167.59","1,249.53","1,249.53",Before
16-Dec-21,"1,239.27","1,259.56","1,221.61","1,230.69","1,230.69",Before
17-Dec-21,"1,225.22","1,225.24","1,158.95","1,188.08","1,188.08",Before
20-Dec-21,"1,214.40","1,214.40","1,159.29","1,205.18","1,205.18",Before
21-Dec-21,"1,192.03","1,249.99","1,192.03","1,242.83","1,242.83",Before
22-Dec-21,"1,244.73","1,244.85","1,236.53","1,239.15","1,239.15",Before
23-Dec-21,"1,244.73","1,301.23","1,220.69","1,288.15","1,288.15",Before
27-Dec-21,"1,295.23","1,295.23","1,288.27","1,289.65","1,289.65",Before
28-Dec-21,"1,206.92","1,208.31","1,203.82","1,208.31","1,208.31",Before
29-Dec-21,"1,189.59","1,190.13","1,163.97","1,165.42","1,165.42",Before
30-Dec-21,"1,183.31","1,186.92","1,181.26","1,185.58","1,185.58",Before
31-Dec-21,"1,183.31","1,215.84","1,154.27","1,166.29","1,166.29",Before
3-Jan-22,"1,201.71","1,205.88","1,163.50","1,171.19","1,171.19",Before
4-Jan-22,"1,178.80","1,179.13","1,174.49","1,175.18","1,175.18",Before
5-Jan-22,"1,102.97","1,108.59","1,101.34","1,108.59","1,108.59",Before
6-Jan-22,"1,093.58","1,093.58","1,090.91","1,090.91","1,090.91",Before
7-Jan-22,"1,093.58","1,093.58","1,024.33","1,039.21","1,039.21",Before
10-Jan-22,979.68,984.59,978.94,983.42,983.42,Before
11-Jan-22,"1,014.62","1,017.13","1,014.36","1,016.73","1,016.73",Before
12-Jan-22,"1,014.62","1,056.19","1,010.75","1,049.27","1,049.27",Before
13-Jan-22,"1,048.86","1,059.58","1,014.29","1,023.65","1,023.65",Before
14-Jan-22,"1,018.51","1,038.53","1,005.28","1,037.76","1,037.76",Before
18-Jan-22,"1,011.08","1,020.58",987.05,"1,009.15","1,009.15",Before
19-Jan-22,"1,012.38","1,186.61",983.79,992.24,992.24,Before
20-Jan-22,996.45,"1,032.88",987.93,992.43,992.43,Before
21-Jan-22,976.17,976.17,834.59,855.97,855.97,Before
24-Jan-22,828.61,833.85,828.57,832.47,832.47,Before
25-Jan-22,834.86,841.22,834.86,841.07,841.07,Before
26-Jan-22,835.69,835.69,835.69,835.69,835.69,Before
27-Jan-22,830.92,836.56,830.37,833.65,833.65,Before
28-Jan-22,830.92,863.83,820.29,861.13,861.13,Before
31-Jan-22,885.7,886.55,885.25,885.42,885.42,Before
1-Feb-22,899.07,903.21,898.58,903.2,903.2,Before
2-Feb-22,864.09,864.33,862.8,863.14,863.14,Before
3-Feb-22,859.81,863.01,859.81,862.14,862.14,Before
4-Feb-22,859.81,950.18,859.81,944.55,944.55,Before
7-Feb-22,"1,025.92","1,026.83","1,020.02","1,020.85","1,020.85",Before
8-Feb-22,"1,018.89","1,022.29","1,018.89","1,022.14","1,022.14",Before
9-Feb-22,"1,041.06","1,041.07","1,036.68","1,036.76","1,036.76",Before
10-Feb-22,"1,016.88","1,018.25","1,013.54","1,013.54","1,013.54",Before
11-Feb-22,"1,016.88","1,018.25",969.47,973.62,973.62,Before
14-Feb-22,967.39,977.78,949.48,961.91,961.91,Before
15-Feb-22,"1,011.17","1,011.17","1,011.17","1,011.17","1,011.17",Before
16-Feb-22,"1,016.18","1,019.33","1,016.16","1,017.43","1,017.43",Before
17-Feb-22,"1,016.18","1,019.33",928.29,937.1,937.1,Before
18-Feb-22,939.1,947.2,911.45,919.51,919.51,Before
22-Feb-22,859.91,871.29,831.71,865.6,865.6,Before
23-Feb-22,862.78,897.15,859.34,859.72,859.72,Before
24-Feb-22,855.42,864.31,855.42,863.42,863.42,After
25-Feb-22,855.42,900.52,855.42,890.16,890.16,After
28-Feb-22,861.45,945.14,854.2,939.89,939.89,After
1-Mar-22,993.79,995.93,992.03,995.93,995.93,After
2-Mar-22,993.79,"1,012.31",977.25,985.48,985.48,After
3-Mar-22,954.96,957.3,953.68,954.4,954.4,After
4-Mar-22,954.96,957.3,882,887.25,887.25,After
7-Mar-22,853.22,855.95,852.43,853.78,853.78,After
8-Mar-22,866.62,870.57,866.5,870.57,870.57,After
9-Mar-22,866.62,945.4,866.5,930.13,930.13,After
10-Mar-22,884.94,886.66,884.94,886.36,886.36,After
11-Mar-22,884.94,899.72,860.4,871.9,871.9,After
14-Mar-22,849.63,880.18,846.38,868,868,After
15-Mar-22,880.34,894.34,857.49,884.28,884.28,After
16-Mar-22,885.84,930.78,878.15,925.72,925.72,After
17-Mar-22,921.64,930.37,916.7,924.14,924.14,After
18-Mar-22,927.43,961.23,913.82,950.89,950.89,After
21-Mar-22,942.49,950.27,927.76,944.79,944.79,After
22-Mar-22,944.3,987.63,939.46,979.95,979.95,After
23-Mar-22,976.57,984.99,960.05,975.78,975.78,After
24-Mar-22,979.45,"1,017.21",977.46,"1,010.58","1,010.58",After
25-Mar-22,"1,013.44","1,035.25","1,007.86","1,018.35","1,018.35",After
28-Mar-22,"1,098.30","1,100.61","1,096.72","1,099.65","1,099.65",After
29-Mar-22,"1,093.06","1,093.18","1,089.06","1,089.06","1,089.06",After
30-Mar-22,"1,093.06","1,106.88","1,081.90","1,094.33","1,094.33",After
31-Mar-22,"1,064.14","1,064.14","1,060.80","1,061.81","1,061.81",After
1-Apr-22,"1,064.14","1,091.56","1,033.09","1,085.80","1,085.80",After
4-Apr-22,"1,099.04","1,113.38","1,063.88","1,089.93","1,089.93",After
5-Apr-22,"1,092.95","1,106.99","1,072.88","1,074.47","1,074.47",After
6-Apr-22,"1,079.63","1,081.60","1,010.16","1,020.23","1,020.23",After
7-Apr-22,"1,015.01","1,017.02","1,014.89","1,016.52","1,016.52",After
8-Apr-22,"1,015.01","1,029.06","1,001.42","1,004.16","1,004.16",After
11-Apr-22,922.53,932.61,919.97,932.61,932.61,After
12-Apr-22,931.94,932.44,929.27,932.18,932.18,After
13-Apr-22,931.94,968.36,929.27,963.23,963.23,After
14-Apr-22,937.67,938.6,937.52,937.52,937.52,After
18-Apr-22,952.1,953.27,950.82,951.79,951.79,After
19-Apr-22,966.07,968.89,965.94,968.89,968.89,After
20-Apr-22,966.79,968.97,966.46,967.01,967.01,After
21-Apr-22,966.79,998.19,947.92,949.15,949.15,After
22-Apr-22,947.79,950.33,919.61,926.28,926.28,After
25-Apr-22,940.6,944.69,939.61,942.1,942.1,After
26-Apr-22,893.25,894.17,890.51,890.51,890.51,After
27-Apr-22,909.73,910.27,909.34,909.46,909.46,After
28-Apr-22,923.04,923.11,919.16,921.32,921.32,After
29-Apr-22,923.04,924.58,881.92,890.62,890.62,After
2-May-22,892.8,895.69,891.8,891.8,891.8,After
3-May-22,892.8,895.69,866.24,867.09,867.09,After
4-May-22,872.37,923.91,869.42,922.51,922.51,After
5-May-22,920.78,923.14,835.99,846.91,846.91,After
6-May-22,849.1,851.91,824.44,837.14,837.14,After
9-May-22,715.68,721.3,713.19,721.3,721.3,After
10-May-22,703.38,714.39,703.16,709.78,709.78,After
11-May-22,657.87,662.44,656.4,660.84,660.84,After
12-May-22,630.46,633.32,629.62,629.87,629.87,After
13-May-22,630.46,696.73,629.62,672.47,672.47,After
16-May-22,674.58,675.7,673.15,673.7,673.7,After
17-May-22,674.58,691.28,663.78,677.94,677.94,After
18-May-22,651.16,653.1,650.12,653.1,653.1,After
19-May-22,672.44,672.44,669.07,669.07,669.07,After
20-May-22,672.44,682.19,641.48,650.34,650.34,After
23-May-22,658.83,658.83,654.91,655.92,655.92,After
24-May-22,660.33,661.14,659.72,660.03,660.03,After
25-May-22,660.33,672.5,653.16,659.93,659.93,After
26-May-22,662.62,662.96,617.16,642.36,642.36,After
27-May-22,643.52,646.02,614.17,625.79,625.79,After
31-May-22,694.75,701.93,682.75,689.84,689.84,After
1-Jun-22,643.79,647.44,642.57,647.28,647.28,After
2-Jun-22,659.18,664.51,658.84,663.14,663.14,After
3-Jun-22,659.18,665.19,636.86,641.58,641.58,After
6-Jun-22,651.46,687.71,649.59,677.2,677.2,After
7-Jun-22,676.97,677.52,675.95,675.95,675.95,After
8-Jun-22,658.53,658.66,656.67,656.67,656.67,After
9-Jun-22,653.62,653.72,651.54,651.54,651.54,After
10-Jun-22,653.62,655.01,622.39,627.91,627.91,After
13-Jun-22,485.6,486.41,482.77,484.04,484.04,After
14-Jun-22,455.9,458.42,455.9,457.83,457.83,After
15-Jun-22,455.9,472.37,421.75,464.43,464.43,After
16-Jun-22,476.08,487.82,437.1,437.1,437.1,After
17-Jun-22,439.77,448.45,427.85,438.01,438.01,After
21-Jun-22,449.07,449.07,445.48,448.56,448.56,After
22-Jun-22,449.07,449.07,423.98,423.98,423.98,After
23-Jun-22,444.69,452.03,444.3,450.23,450.23,After
24-Jun-22,444.69,465.01,444.3,462.12,462.12,After
27-Jun-22,453.95,456.53,453.64,454.83,454.83,After
28-Jun-22,443.19,443.44,439.68,439.68,439.68,After
29-Jun-22,436.88,437.45,435.82,435.82,435.82,After
30-Jun-22,405.47,407.51,403.77,407.18,407.18,After
1-Jul-22,405.47,440.07,403.77,420.83,420.83,After
5-Jul-22,440.76,441.31,438.6,441.16,441.16,After
6-Jul-22,441.55,446.45,441.55,446.33,446.33,After
7-Jul-22,468.96,469.99,467.11,467.83,467.83,After
8-Jul-22,468.96,481.79,459.04,472.11,472.11,After
11-Jul-22,435.51,435.51,427.58,427.58,427.58,After
12-Jul-22,414.15,415.6,414.15,415.6,415.6,After
13-Jul-22,426.51,427.5,425.21,425.34,425.34,After
14-Jul-22,444.29,445.74,444.12,445.19,445.19,After
15-Jul-22,444.29,462.97,443.31,458.54,458.54,After
18-Jul-22,470.12,510.46,464.04,489.16,489.16,After
19-Jul-22,492.23,531.43,491.56,523.55,523.55,After
20-Jul-22,528.86,528.86,520.39,520.39,520.39,After
21-Jul-22,528.86,528.86,503.8,526.25,526.25,After
22-Jul-22,525.47,537.06,509.81,509.81,509.81,After
25-Jul-22,500.08,500.08,490.31,490.31,490.31,After
26-Jul-22,500.08,500.08,466.32,468.84,468.84,After
27-Jul-22,519.38,521.03,519.38,521.03,521.03,After
28-Jul-22,519.38,558.57,519.38,552.48,552.48,After
29-Jul-22,553.72,559.71,538.86,551.24,551.24,After
1-Aug-22,545.3,545.3,525.74,528.79,528.79,After
2-Aug-22,528.17,538.43,517.53,530.4,530.4,After
3-Aug-22,530.96,542,520.19,534.56,534.56,After
4-Aug-22,517.36,519.66,516.57,519.58,519.58,After
5-Aug-22,517.36,544.18,516.57,533.2,533.2,After
8-Aug-22,556.54,556.67,554.54,554.54,554.54,After
9-Aug-22,539.42,540.86,538.41,538.62,538.62,After
10-Aug-22,565.91,566.45,565.32,565.74,565.74,After
11-Aug-22,573.58,573.58,571.17,571.17,571.17,After
12-Aug-22,573.58,576.52,561.52,574.39,574.39,After
15-Aug-22,571.48,573.84,571.06,573.04,573.04,After
16-Aug-22,568.73,568.87,566.46,567.8,567.8,After
17-Aug-22,568.73,583.73,566.03,566.79,566.79,After
18-Aug-22,557.84,558.07,557.15,557.42,557.42,After
19-Aug-22,557.84,558.07,504.69,504.88,504.88,After
22-Aug-22,492.26,496.08,492.26,496.08,496.08,After
23-Aug-22,506.08,508.26,506.05,506.8,506.8,After
24-Aug-22,511.5,511.5,507.14,507.28,507.28,After
25-Aug-22,511.5,516.85,505.05,514.28,514.28,After
26-Aug-22,512.71,515.84,481.93,484.93,484.93,After
29-Aug-22,475.78,476.21,474.93,475.14,475.14,After
30-Aug-22,475.78,485.93,460.31,474.17,474.17,After
31-Aug-22,470.33,485.25,467.27,477.26,477.26,After
1-Sep-22,477.28,479.35,477.24,477.79,477.79,After
2-Sep-22,477.28,488.18,470.48,472.97,472.97,After
6-Sep-22,460.37,460.37,458.81,459.25,459.25,After
7-Sep-22,472.59,473.81,471.73,472.02,472.02,After
8-Sep-22,472.59,474.98,464.39,473.49,473.49,After
9-Sep-22,472.23,511.12,470.64,510.42,510.42,After
12-Sep-22,514.53,530.79,514.49,527.53,527.53,After
13-Sep-22,525.44,533.23,477.9,484.79,484.79,After
14-Sep-22,482.79,484.45,482.23,484.45,484.45,After
15-Sep-22,465.82,465.82,462.54,462.54,462.54,After
16-Sep-22,465.82,465.82,451.9,459.43,459.43,After
19-Sep-22,449.83,452.06,448.81,451.26,451.26,After
20-Sep-22,436.04,436.04,434.07,436.04,436.04,After
21-Sep-22,421.72,421.72,416.27,418.42,418.42,After
22-Sep-22,438.64,445.14,438.51,444.84,444.84,After
23-Sep-22,438.64,447.67,426.49,434.61,434.61,After
26-Sep-22,438.2,440.47,438.02,440.07,440.07,After
27-Sep-22,438.2,464.72,434.05,436.57,436.57,After
28-Sep-22,447.85,448.2,444.99,445.15,445.15,After
29-Sep-22,444.42,445.92,443.69,443.94,443.94,After
30-Sep-22,444.42,457.99,440.55,443.49,443.49,After
3-Oct-22,444.29,445.04,443.81,445.04,445.04,After
4-Oct-22,460.05,460.28,459.39,459.4,459.4,After
5-Oct-22,460.05,461.58,448.67,456.1,456.1,After
6-Oct-22,453.63,453.84,453.36,453.38,453.38,After
7-Oct-22,453.63,455.88,442.57,445.5,445.5,After
10-Oct-22,438.7,438.76,435.04,435.55,435.55,After
11-Oct-22,438.7,438.76,429.75,432.98,432.98,After
12-Oct-22,435.79,436.28,435.74,435.74,435.74,After
13-Oct-22,438.56,438.85,438.27,438.71,438.71,After
14-Oct-22,438.56,449.44,433.3,433.68,433.68,After
17-Oct-22,444.06,445.6,444.04,445.26,445.26,After
18-Oct-22,438.53,439.07,438.03,439.07,439.07,After
19-Oct-22,435.34,435.35,434.8,434.96,434.96,After
20-Oct-22,431.95,432.04,430.51,430.59,430.59,After
21-Oct-22,431.95,436.18,424.05,435.25,435.25,After
10/24/2022,442.23,442.23,441.22,441.92,441.92,After
10/25/2022,467.82,468.38,463.17,463.8,463.8,After
10/26/2022,483.8,487.03,482.74,486.67,486.67,After
10/27/2022,476,476.8,473.76,474.13,474.13,After
10/28/2022,476,485.89,467.9,485.83,485.83,After
10/31/2022,488.67,496.92,481.39,484.34,484.34,After
11/1/2022,486.11,495.46,485.53,488.15,488.15,After
11/2/2022,488.18,495.89,475.28,475.28,475.28,After
11/3/2022,474.82,485,474.82,481.37,481.37,After
11/4/2022,478.67,507.46,477.75,504.45,504.45,After
11/7/2022,485.35,487.44,485.18,487.44,487.44,After
11/8/2022,428.84,430.83,427.65,430.83,430.83,After
11/9/2022,367.25,367.25,359.9,364.08,364.08,After
11/10/2022,419.05,419.28,411.74,413.75,413.75,After
11/11/2022,419.05,419.28,387.9,396.28,396.28,After
11/14/2022,385.45,392.08,385.45,391.44,391.44,After
11/15/2022,395.39,395.67,394.68,395.29,395.29,After
11/16/2022,395.39,398.64,383.11,386.55,386.55,After
11/17/2022,388.97,388.98,387.49,387.73,387.73,After
11/18/2022,388.97,394.43,386.18,388.37,388.37,After
11/21/2022,363.87,365.52,363.8,364.79,364.79,After
11/22/2022,374.23,374.84,373.91,374.84,374.84,After
11/23/2022,374.23,386.27,373.52,383.86,383.86,After
11/25/2022,387.96,388.31,381.95,387.85,387.85,After
11/28/2022,380.55,380.88,380.09,380.42,380.42,After
11/29/2022,389.94,390.14,388.86,388.87,388.87,After
11/30/2022,407.65,408.75,407.38,408.21,408.21,After
12/1/2022,402.61,402.76,401.89,402.35,402.35,After
12/2/2022,402.61,405.47,399.96,404.33,404.33,After
12/5/2022,400.87,401.38,400.49,401.23,401.23,After
12/6/2022,400.17,403.57,400.17,403.57,403.57,After
12/7/2022,400.17,404.08,392.93,394.86,394.86,After
12/8/2022,405.98,406.5,405.98,406.15,406.15,After
12/9/2022,405.98,407.84,401.94,402.82,402.82,After
12/12/2022,402.04,403.86,395.95,403.84,403.84,After
12/13/2022,416.43,417.13,416.43,417.13,417.13,After
12/14/2022,416.46,416.55,415.75,416.06,416.06,After
12/15/2022,416.46,416.55,404.61,404.64,404.64,After
12/16/2022,404.1,407.96,380.22,381.65,381.65,After
12/19/2022,376.3,377.64,376.3,377.61,377.61,After
12/20/2022,389.49,390.47,389.49,390.46,390.46,After
12/21/2022,387.14,387.99,386.96,387.67,387.67,After
12/22/2022,388.48,389.08,388.48,389.05,389.05,After
12/23/2022,388.48,391.11,388.35,388.88,388.88,After
12/27/2022,386.31,386.83,386.3,386.62,386.62,After
12/28/2022,380.29,380.89,380.24,380.89,380.89,After
12/29/2022,382.95,383.68,382.68,383.25,383.25,After
12/30/2022,382.95,383.68,378,382.45,382.45,After
1/3/2023,385.46,386.02,385.46,385.9,385.9,After
1/4/2023,392.6,393.46,392.57,393.46,393.46,After
1/5/2023,392.26,392.56,391.76,392.05,392.05,After
1/6/2023,392.26,396.77,388.82,395.25,395.25,After
1/9/2023,406.55,406.67,405.53,406.43,406.43,After
1/10/2023,411.82,411.88,411.39,411.62,411.62,After
1/11/2023,414.95,423.43,414.78,423.43,423.43,After
1/12/2023,441.92,441.97,441.15,441.58,441.58,After
1/13/2023,441.92,458.14,438.15,458.14,458.14,After
1/17/2023,492.66,492.66,492.65,492.65,492.65,After
1/18/2023,480.16,480.37,478.4,478.4,478.4,After
1/19/2023,486.69,487.18,486.14,486.91,486.91,After
1/20/2023,486.69,515.77,484.2,515.06,515.06,After
1/23/2023,520.08,528.48,518.31,526.15,526.15,After
1/24/2023,524.68,529.17,521.16,524.18,524.18,After
1/25/2023,520.33,520.57,520.33,520.57,520.57,After
1/26/2023,523.38,523.48,522.64,523.26,523.26,After
1/27/2023,523.38,531.37,513.77,523.2,523.2,After
1/30/2023,515.06,516.82,515.06,516.67,516.67,After
1/31/2023,526.01,526.01,524.01,524.6,524.6,After
2/1/2023,538.92,540.24,538.92,539,539,After
2/2/2023,538.46,538.46,536.46,537.04,537.04,After
2/3/2023,538.46,541.59,532.38,535.42,535.42,After
2/6/2023,525.73,525.73,520.35,521.84,521.84,After
2/7/2023,535.48,536.91,535.39,536.59,536.59,After
2/8/2023,528.89,528.89,527.5,528.68,528.68,After
2/9/2023,498.14,500.38,497.93,500.38,500.38,After
2/10/2023,498.14,502.33,491.9,491.9,491.9,After
2/13/2023,492.39,496.45,492.26,496.45,496.45,After
2/14/2023,507.55,507.55,507.55,507.55,507.55,After
2/15/2023,549.14,551.14,548.42,551.14,551.14,After
2/16/2023,544.1,544.88,539.49,539.49,539.49,After
2/17/2023,544.1,564.3,533.43,559.71,559.71,After
2/21/2023,550.32,550.66,550.09,550.63,550.63,After
2/22/2023,543.67,546.84,543.67,546.34,546.34,After
2/23/2023,542.01,542.68,541.74,542.32,542.32,After
2/24/2023,542.01,546.81,522.48,525.93,525.93,After
2/27/2023,534.01,534.68,533.5,534.64,534.64,After
2/28/2023,526.69,526.76,526.59,526.59,526.59,After
3/1/2023,536.66,539.4,536.51,539.35,539.35,After
3/2/2023,534.99,535.1,534.14,534.47,534.47,After
3/3/2023,534.99,535.1,505.01,507.33,507.33,After
3/6/2023,509.53,513,506.9,509.08,509.08,After
3/7/2023,502.4,505.05,502.36,505.05,505.05,After
3/8/2023,496.33,496.4,493.58,493.7,493.7,After
3/9/2023,462.39,462.97,461.48,462.97,462.97,After
3/10/2023,462.39,463.09,445.25,459.67,459.67,After
3/13/2023,499.18,551.93,498.27,545.1,545.1,After
3/14/2023,546.77,588.41,541.32,550.6,550.6,After
3/15/2023,556.29,562.19,533.24,544.68,544.68,After
3/16/2023,544.84,559.09,539.27,553.27,553.27,After
3/17/2023,555.45,594.3,553.38,590.52,590.52,After
3/20/2023,616.38,619.64,595.59,609.21,609.21,After
3/21/2023,606.82,620.46,595.45,612.23,612.23,After
3/22/2023,613.05,625.81,584.79,595.27,595.27,After
3/23/2023,617.69,617.69,617.62,617.62,617.62,After
3/24/2023,617.69,622.11,591.61,591.61,591.61,After
