Date,Open,High,Low,Close*,Adj Close**,Volume,Statues
26-Mar-21,"3,917.12","3,978.19","3,917.12","3,974.54","3,974.54","5,483,160,000",Before
29-Mar-21,"3,969.31","3,981.83","3,943.25","3,971.09","3,971.09","4,628,180,000",Before
30-Mar-21,"3,963.34","3,968.01","3,944.35","3,958.55","3,958.55","4,121,510,000",Before
31-Mar-21,"3,967.25","3,994.41","3,966.98","3,972.89","3,972.89","4,578,050,000",Before
1-Apr-21,"3,992.78","4,020.63","3,992.78","4,019.87","4,019.87","4,162,130,000",Before
5-Apr-21,"4,034.44","4,083.42","4,034.44","4,077.91","4,077.91","4,005,030,000",Before
6-Apr-21,"4,075.57","4,086.23","4,068.14","4,073.94","4,073.94","4,081,270,000",Before
7-Apr-21,"4,074.29","4,083.13","4,068.31","4,079.95","4,079.95","4,120,810,000",Before
8-Apr-21,"4,089.95","4,098.19","4,082.54","4,097.17","4,097.17","3,907,100,000",Before
9-Apr-21,"4,096.11","4,129.48","4,095.51","4,128.80","4,128.80","3,640,390,000",Before
12-Apr-21,"4,124.71","4,131.76","4,114.82","4,127.99","4,127.99","3,588,900,000",Before
13-Apr-21,"4,130.10","4,148.00","4,124.43","4,141.59","4,141.59","3,734,720,000",Before
14-Apr-21,"4,141.58","4,151.69","4,120.87","4,124.66","4,124.66","3,985,350,000",Before
15-Apr-21,"4,139.76","4,173.49","4,139.76","4,170.42","4,170.42","4,033,420,000",Before
16-Apr-21,"4,174.14","4,191.31","4,170.75","4,185.47","4,185.47","4,163,820,000",Before
19-Apr-21,"4,179.80","4,180.81","4,150.47","4,163.26","4,163.26","3,810,290,000",Before
20-Apr-21,"4,159.18","4,159.18","4,118.38","4,134.94","4,134.94","4,342,650,000",Before
21-Apr-21,"4,128.42","4,175.02","4,126.35","4,173.42","4,173.42","3,887,250,000",Before
22-Apr-21,"4,170.46","4,179.57","4,123.69","4,134.98","4,134.98","4,245,140,000",Before
23-Apr-21,"4,138.78","4,194.17","4,138.78","4,180.17","4,180.17","3,569,880,000",Before
26-Apr-21,"4,185.03","4,194.19","4,182.36","4,187.62","4,187.62","3,748,320,000",Before
27-Apr-21,"4,188.25","4,193.35","4,176.22","4,186.72","4,186.72","3,710,700,000",Before
28-Apr-21,"4,185.14","4,201.53","4,181.78","4,183.18","4,183.18","3,787,360,000",Before
29-Apr-21,"4,206.14","4,218.78","4,176.81","4,211.47","4,211.47","4,298,680,000",Before
30-Apr-21,"4,198.10","4,198.10","4,174.85","4,181.17","4,181.17","4,300,880,000",Before
3-May-21,"4,191.98","4,209.39","4,188.03","4,192.66","4,192.66","4,070,220,000",Before
4-May-21,"4,179.04","4,179.04","4,128.59","4,164.66","4,164.66","4,452,460,000",Before
5-May-21,"4,177.06","4,187.72","4,160.94","4,167.59","4,167.59","4,230,920,000",Before
6-May-21,"4,169.14","4,202.70","4,147.33","4,201.62","4,201.62","4,511,000,000",Before
7-May-21,"4,210.34","4,238.04","4,201.64","4,232.60","4,232.60","4,016,080,000",Before
10-May-21,"4,228.29","4,236.39","4,188.13","4,188.43","4,188.43","4,560,700,000",Before
11-May-21,"4,150.34","4,162.04","4,111.53","4,152.10","4,152.10","4,870,710,000",Before
12-May-21,"4,130.55","4,134.73","4,056.88","4,063.04","4,063.04","4,733,070,000",Before
13-May-21,"4,074.99","4,131.58","4,074.99","4,112.50","4,112.50","4,779,540,000",Before
14-May-21,"4,129.58","4,183.13","4,129.58","4,173.85","4,173.85","4,008,880,000",Before
17-May-21,"4,169.92","4,171.92","4,142.69","4,163.29","4,163.29","4,125,050,000",Before
18-May-21,"4,165.94","4,169.15","4,125.99","4,127.83","4,127.83","4,398,150,000",Before
19-May-21,"4,098.45","4,116.93","4,061.41","4,115.68","4,115.68","4,247,450,000",Before
20-May-21,"4,121.97","4,172.80","4,121.97","4,159.12","4,159.12","3,978,880,000",Before
21-May-21,"4,168.61","4,188.72","4,151.72","4,155.86","4,155.86","3,995,250,000",Before
24-May-21,"4,170.16","4,209.52","4,170.16","4,197.05","4,197.05","3,684,800,000",Before
25-May-21,"4,205.94","4,213.42","4,182.52","4,188.13","4,188.13","4,182,250,000",Before
26-May-21,"4,191.59","4,202.61","4,184.11","4,195.99","4,195.99","4,420,890,000",Before
27-May-21,"4,201.94","4,213.38","4,197.78","4,200.88","4,200.88","6,406,310,000",Before
28-May-21,"4,210.77","4,218.36","4,203.57","4,204.11","4,204.11","4,649,250,000",Before
1-Jun-21,"4,216.52","4,234.12","4,197.59","4,202.04","4,202.04","5,074,670,000",Before
2-Jun-21,"4,206.82","4,217.37","4,198.27","4,208.12","4,208.12","5,833,670,000",Before
3-Jun-21,"4,191.43","4,204.39","4,167.93","4,192.85","4,192.85","5,587,970,000",Before
4-Jun-21,"4,206.05","4,233.45","4,206.05","4,229.89","4,229.89","4,139,790,000",Before
7-Jun-21,"4,229.34","4,232.34","4,215.66","4,226.52","4,226.52","4,476,920,000",Before
8-Jun-21,"4,233.81","4,236.74","4,208.41","4,227.26","4,227.26","4,659,620,000",Before
9-Jun-21,"4,232.99","4,237.09","4,218.74","4,219.55","4,219.55","4,713,260,000",Before
10-Jun-21,"4,228.56","4,249.74","4,220.34","4,239.18","4,239.18","4,408,210,000",Before
11-Jun-21,"4,242.90","4,248.38","4,232.25","4,247.44","4,247.44","3,815,010,000",Before
14-Jun-21,"4,248.31","4,255.59","4,234.07","4,255.15","4,255.15","4,151,200,000",Before
15-Jun-21,"4,255.28","4,257.16","4,238.35","4,246.59","4,246.59","4,048,940,000",Before
16-Jun-21,"4,248.87","4,251.89","4,202.45","4,223.70","4,223.70","4,538,350,000",Before
17-Jun-21,"4,220.37","4,232.29","4,196.05","4,221.86","4,221.86","5,312,680,000",Before
18-Jun-21,"4,204.78","4,204.78","4,164.40","4,166.45","4,166.45","6,817,010,000",Before
21-Jun-21,"4,173.40","4,226.24","4,173.40","4,224.79","4,224.79","4,128,950,000",Before
22-Jun-21,"4,224.61","4,255.84","4,217.27","4,246.44","4,246.44","3,828,390,000",Before
23-Jun-21,"4,249.27","4,256.60","4,241.43","4,241.84","4,241.84","3,730,350,000",Before
24-Jun-21,"4,256.97","4,271.28","4,256.97","4,266.49","4,266.49","3,816,660,000",Before
25-Jun-21,"4,274.45","4,286.12","4,271.16","4,280.70","4,280.70","7,341,450,000",Before
28-Jun-21,"4,284.90","4,292.14","4,274.67","4,290.61","4,290.61","4,147,890,000",Before
29-Jun-21,"4,293.21","4,300.52","4,287.04","4,291.80","4,291.80","3,707,150,000",Before
30-Jun-21,"4,290.65","4,302.43","4,287.96","4,297.50","4,297.50","4,266,040,000",Before
1-Jul-21,"4,300.73","4,320.66","4,300.73","4,319.94","4,319.94","3,788,230,000",Before
2-Jul-21,"4,326.60","4,355.43","4,326.60","4,352.34","4,352.34","3,225,840,000",Before
6-Jul-21,"4,356.46","4,356.46","4,314.37","4,343.54","4,343.54","4,309,570,000",Before
7-Jul-21,"4,351.01","4,361.88","4,329.79","4,358.13","4,358.13","4,037,380,000",Before
8-Jul-21,"4,321.07","4,330.88","4,289.37","4,320.82","4,320.82","4,347,500,000",Before
9-Jul-21,"4,329.38","4,371.60","4,329.38","4,369.55","4,369.55","3,531,120,000",Before
12-Jul-21,"4,372.41","4,386.68","4,364.03","4,384.63","4,384.63","3,384,460,000",Before
13-Jul-21,"4,381.07","4,392.37","4,366.92","4,369.21","4,369.21","3,695,430,000",Before
14-Jul-21,"4,380.11","4,393.68","4,362.36","4,374.30","4,374.30","4,006,370,000",Before
15-Jul-21,"4,369.02","4,369.02","4,340.70","4,360.03","4,360.03","3,905,230,000",Before
16-Jul-21,"4,367.43","4,375.09","4,322.53","4,327.16","4,327.16","3,985,700,000",Before
19-Jul-21,"4,296.40","4,296.40","4,233.13","4,258.49","4,258.49","5,157,660,000",Before
20-Jul-21,"4,265.11","4,336.84","4,262.05","4,323.06","4,323.06","4,438,270,000",Before
21-Jul-21,"4,331.13","4,359.70","4,331.13","4,358.69","4,358.69","3,810,280,000",Before
22-Jul-21,"4,361.27","4,369.87","4,350.06","4,367.48","4,367.48","3,358,300,000",Before
23-Jul-21,"4,381.20","4,415.18","4,381.20","4,411.79","4,411.79","4,540,070,000",Before
26-Jul-21,"4,409.58","4,422.73","4,405.45","4,422.30","4,422.30","4,275,630,000",Before
27-Jul-21,"4,416.38","4,416.38","4,372.51","4,401.46","4,401.46","4,241,950,000",Before
28-Jul-21,"4,402.95","4,415.47","4,387.01","4,400.64","4,400.64","4,215,290,000",Before
29-Jul-21,"4,403.59","4,429.97","4,403.59","4,419.15","4,419.15","4,044,600,000",Before
30-Jul-21,"4,395.12","4,412.25","4,389.65","4,395.26","4,395.26","3,956,740,000",Before
2-Aug-21,"4,406.86","4,422.18","4,384.81","4,387.16","4,387.16","3,724,090,000",Before
3-Aug-21,"4,392.74","4,423.79","4,373.00","4,423.15","4,423.15","3,965,190,000",Before
4-Aug-21,"4,415.95","4,416.17","4,400.23","4,402.66","4,402.66","4,260,760,000",Before
5-Aug-21,"4,408.86","4,429.76","4,408.86","4,429.10","4,429.10","3,769,410,000",Before
6-Aug-21,"4,429.07","4,440.82","4,429.07","4,436.52","4,436.52","3,451,870,000",Before
9-Aug-21,"4,437.77","4,439.39","4,424.74","4,432.35","4,432.35","3,449,280,000",Before
10-Aug-21,"4,435.79","4,445.21","4,430.03","4,436.75","4,436.75","3,886,610,000",Before
11-Aug-21,"4,442.18","4,449.44","4,436.42","4,442.41","4,442.41","3,532,560,000",Before
12-Aug-21,"4,446.08","4,461.77","4,435.96","4,460.83","4,460.83","3,375,310,000",Before
13-Aug-21,"4,464.84","4,468.37","4,460.82","4,468.00","4,468.00","3,016,470,000",Before
16-Aug-21,"4,461.65","4,480.26","4,437.66","4,479.71","4,479.71","3,370,640,000",Before
17-Aug-21,"4,462.12","4,462.12","4,417.83","4,448.08","4,448.08","3,836,960,000",Before
18-Aug-21,"4,440.94","4,454.32","4,397.59","4,400.27","4,400.27","3,755,590,000",Before
19-Aug-21,"4,382.44","4,418.61","4,367.73","4,405.80","4,405.80","4,398,410,000",Before
20-Aug-21,"4,410.56","4,444.35","4,406.80","4,441.67","4,441.67","3,652,610,000",Before
23-Aug-21,"4,450.29","4,489.88","4,450.29","4,479.53","4,479.53","3,576,530,000",Before
24-Aug-21,"4,484.40","4,492.81","4,482.28","4,486.23","4,486.23","3,979,220,000",Before
25-Aug-21,"4,490.45","4,501.71","4,485.66","4,496.19","4,496.19","3,444,700,000",Before
26-Aug-21,"4,493.75","4,495.90","4,468.99","4,470.00","4,470.00","3,263,980,000",Before
27-Aug-21,"4,474.10","4,513.33","4,474.10","4,509.37","4,509.37","3,331,200,000",Before
30-Aug-21,"4,513.76","4,537.36","4,513.76","4,528.79","4,528.79","3,168,660,000",Before
31-Aug-21,"4,529.75","4,531.39","4,515.80","4,522.68","4,522.68","4,290,710,000",Before
1-Sep-21,"4,528.80","4,537.11","4,522.02","4,524.09","4,524.09","4,057,340,000",Before
2-Sep-21,"4,534.48","4,545.85","4,524.66","4,536.95","4,536.95","3,735,990,000",Before
3-Sep-21,"4,532.42","4,541.45","4,521.30","4,535.43","4,535.43","3,217,530,000",Before
7-Sep-21,"4,535.38","4,535.38","4,513.00","4,520.03","4,520.03","3,822,960,000",Before
8-Sep-21,"4,518.09","4,521.79","4,493.95","4,514.07","4,514.07","3,750,880,000",Before
9-Sep-21,"4,513.02","4,529.90","4,492.07","4,493.28","4,493.28","3,735,390,000",Before
10-Sep-21,"4,506.92","4,520.47","4,457.66","4,458.58","4,458.58","3,623,180,000",Before
13-Sep-21,"4,474.81","4,492.99","4,445.70","4,468.73","4,468.73","3,914,220,000",Before
14-Sep-21,"4,479.33","4,485.68","4,435.46","4,443.05","4,443.05","3,670,460,000",Before
15-Sep-21,"4,447.49","4,486.87","4,438.37","4,480.70","4,480.70","4,032,020,000",Before
16-Sep-21,"4,477.09","4,485.87","4,443.80","4,473.75","4,473.75","3,984,560,000",Before
17-Sep-21,"4,469.74","4,471.52","4,427.76","4,432.99","4,432.99","7,289,530,000",Before
20-Sep-21,"4,402.95","4,402.95","4,305.91","4,357.73","4,357.73","4,898,070,000",Before
21-Sep-21,"4,374.45","4,394.87","4,347.96","4,354.19","4,354.19","3,920,920,000",Before
22-Sep-21,"4,367.43","4,416.75","4,367.43","4,395.64","4,395.64","3,939,170,000",Before
23-Sep-21,"4,406.75","4,465.40","4,406.75","4,448.98","4,448.98","3,916,350,000",Before
24-Sep-21,"4,438.04","4,463.12","4,430.27","4,455.48","4,455.48","3,384,290,000",Before
27-Sep-21,"4,442.12","4,457.30","4,436.19","4,443.11","4,443.11","4,058,650,000",Before
28-Sep-21,"4,419.54","4,419.54","4,346.33","4,352.63","4,352.63","4,416,550,000",Before
29-Sep-21,"4,362.41","4,385.57","4,355.08","4,359.46","4,359.46","3,712,660,000",Before
30-Sep-21,"4,370.67","4,382.55","4,306.24","4,307.54","4,307.54","4,448,140,000",Before
1-Oct-21,"4,317.16","4,375.19","4,288.52","4,357.04","4,357.04","4,010,370,000",Before
4-Oct-21,"4,348.84","4,355.51","4,278.94","4,300.46","4,300.46","4,307,870,000",Before
5-Oct-21,"4,309.87","4,369.23","4,309.87","4,345.72","4,345.72","3,902,890,000",Before
6-Oct-21,"4,319.57","4,365.57","4,290.49","4,363.55","4,363.55","4,009,630,000",Before
7-Oct-21,"4,383.73","4,429.97","4,383.73","4,399.76","4,399.76","3,843,740,000",Before
8-Oct-21,"4,406.51","4,412.02","4,386.22","4,391.34","4,391.34","3,280,160,000",Before
11-Oct-21,"4,385.44","4,415.88","4,360.59","4,361.19","4,361.19","3,281,970,000",Before
12-Oct-21,"4,368.31","4,374.89","4,342.09","4,350.65","4,350.65","3,558,450,000",Before
13-Oct-21,"4,358.01","4,372.87","4,329.92",11-Dec,"4,363.80","3,620,070,000",Before
14-Oct-21,"4,386.75","4,439.73","4,386.75",24-Feb,"4,438.26","3,598,280,000",Before
15-Oct-21,"4,447.69","4,475.82","4,447.69",28-Mar,"4,471.37","3,819,380,000",Before
18-Oct-21,"4,463.72","4,488.75","4,447.47",12-Apr,"4,486.46","3,662,010,000",Before
19-Oct-21,"4,497.34","4,520.40","4,496.41",15-May,"4,519.63","3,459,130,000",Before
20-Oct-21,"4,524.42","4,540.87","4,524.40","4,536.19","4,536.19","3,670,760,000",Before
21-Oct-21,"4,532.24","4,551.44","4,526.89",14-Jun,"4,549.78","3,822,330,000",Before
22-Oct-21,"4,546.12","4,559.67","4,524.00",9-Jun,"4,544.90","3,758,220,000",Before
25-Oct-21,"4,553.69","4,572.62","4,537.36",1-Jul,"4,566.48","3,899,400,000",Before
26-Oct-21,"4,578.69","4,598.53","4,569.17",9-Jul,"4,574.79","3,879,740,000",Before
27-Oct-21,"4,580.22","4,584.57","4,551.66",16-Jun,"4,551.68","4,226,050,000",Before
28-Oct-21,"4,562.84","4,597.55","4,562.84",31-Jul,"4,596.42","4,132,950,000",Before
29-Oct-21,"4,572.87","4,608.08","4,567.59",9-Aug,"4,605.38","4,510,200,000",Before
1-Nov-21,"4,610.62","4,620.34","4,595.06",17-Aug,"4,613.67","3,971,540,000",Before
2-Nov-21,"4,613.34","4,635.15","4,613.34",3-Sep,"4,630.65","3,975,250,000",Before
3-Nov-21,"4,630.65","4,663.46","4,621.19",3-Oct,"4,660.57","4,319,660,000",Before
4-Nov-21,"4,662.93","4,683.00","4,662.59",23-Oct,"4,680.06","4,462,300,000",Before
5-Nov-21,"4,699.26","4,718.50","4,681.32",9-Nov,"4,697.53","4,467,180,000",Before
8-Nov-21,"4,701.48","4,714.92","4,694.39",13-Nov,"4,701.70","4,269,710,000",Before
9-Nov-21,"4,707.25","4,708.53","4,670.87",28-Oct,"4,685.25","4,117,080,000",Before
10-Nov-21,"4,670.26","4,684.85","4,630.86",19-Sep,"4,646.71","4,503,720,000",Before
11-Nov-21,"4,659.39","4,664.55","4,648.31",22-Sep,"4,649.27","3,926,870,000",Before
12-Nov-21,"4,655.24","4,688.47","4,650.77",25-Oct,"4,682.85","3,728,600,000",Before
15-Nov-21,"4,689.30","4,697.42","4,672.86",25-Oct,"4,682.80","3,488,410,000",Before
16-Nov-21,"4,679.42","4,714.95","4,679.42",12-Nov,"4,700.90","3,972,640,000",Before
17-Nov-21,"4,701.50","4,701.50","4,684.41",31-Oct,"4,688.67","3,969,070,000",Before
18-Nov-21,"4,700.72","4,708.80","4,672.78","4,704.54","4,704.54","4,226,410,000",Before
19-Nov-21,"4,708.44","4,717.75","4,694.22",9-Nov,"4,697.96","4,253,180,000",Before
22-Nov-21,"4,712.00","4,743.83","4,682.17",25-Oct,"4,682.94","4,441,100,000",Before
23-Nov-21,"4,678.48","4,699.39","4,652.66",2-Nov,"4,690.70","4,277,590,000",Before
24-Nov-21,"4,675.78","4,702.87","4,659.89","4,701.46","4,701.46","3,418,430,000",Before
26-Nov-21,"4,664.63","4,664.63","4,585.43",29-Jul,"4,594.62","3,517,700,000",Before
29-Nov-21,"4,628.75","4,672.95","4,625.26","4,655.27","4,655.27","4,336,410,000",Before
30-Nov-21,"4,640.25","4,646.02","4,560.00",2-Jul,"4,567.00","6,625,990,000",Before
1-Dec-21,"4,602.82","4,652.94","4,510.27",9-May,"4,513.04","5,366,730,000",Before
2-Dec-21,"4,504.73","4,595.46","4,504.73",12-Jul,"4,577.10","5,077,180,000",Before
3-Dec-21,"4,589.49","4,608.03","4,495.12",3-Jun,"4,538.43","5,240,070,000",Before
6-Dec-21,"4,548.37","4,612.60","4,540.51",26-Jul,"4,591.67","4,770,800,000",Before
7-Dec-21,"4,631.97","4,694.04","4,631.97",29-Oct,"4,686.75","4,492,400,000",Before
8-Dec-21,"4,690.86","4,705.06","4,674.52","4,701.21","4,701.21","4,234,600,000",Before
9-Dec-21,"4,691.00","4,695.26","4,665.98","4,667.45","4,667.45","3,903,840,000",Before
10-Dec-21,"4,687.64","4,713.57","4,670.24",24-Nov,"4,712.02","3,870,110,000",Before
13-Dec-21,"4,710.30","4,710.30","4,667.60",11-Oct,"4,668.97","4,397,230,000",Before
14-Dec-21,"4,642.99","4,660.47","4,606.52","4,634.09","4,634.09","4,485,430,000",Before
15-Dec-21,"4,636.46","4,712.60","4,611.22",21-Nov,"4,709.85","4,910,130,000",Before
16-Dec-21,"4,719.13","4,731.99","4,651.89","4,668.67","4,668.67","4,829,500,000",Before
17-Dec-21,"4,652.50","4,666.70","4,600.22",24-Aug,"4,620.64","7,987,090,000",Before
20-Dec-21,"4,587.90","4,587.90","4,531.10","4,568.02","4,568.02","4,635,700,000",Before
21-Dec-21,"4,594.96","4,651.14","4,583.16","4,649.23","4,649.23","4,072,430,000",Before
22-Dec-21,"4,650.36","4,697.67","4,645.53",8-Nov,"4,696.56","3,319,610,000",Before
23-Dec-21,"4,703.96","4,740.74","4,703.96",7-Dec,"4,725.79","2,913,040,000",Before
27-Dec-21,"4,733.99","4,791.49","4,733.99",11-Feb,"4,791.19","2,770,290,000",Before
28-Dec-21,"4,795.49","4,807.02","4,780.04","4,786.35","4,786.35","2,707,920,000",Before
29-Dec-21,"4,788.64","4,804.06","4,778.08","4,793.06","4,793.06","2,963,310,000",Before
30-Dec-21,"4,794.23","4,808.93","4,775.33","4,778.73","4,778.73","3,124,950,000",Before
31-Dec-21,"4,775.21","4,786.83","4,765.75","4,766.18","4,766.18","2,677,820,000",Before
3-Jan-22,"4,778.14","4,796.64","4,758.17",16-Feb,"4,796.56","3,831,020,000",Before
4-Jan-22,"4,804.51","4,818.62","4,774.27",13-Feb,"4,793.54","4,683,170,000",Before
5-Jan-22,"4,787.99","4,797.70","4,699.44","4,700.58","4,700.58","4,887,960,000",Before
6-Jan-22,"4,693.39","4,725.01","4,671.26","4,696.05","4,696.05","4,295,280,000",Before
7-Jan-22,"4,697.66","4,707.95","4,662.74",20-Oct,"4,677.03","4,181,510,000",Before
10-Jan-22,"4,655.34","4,673.02","4,582.24","4,670.29","4,670.29","4,511,810,000",Before
11-Jan-22,"4,669.14","4,714.13","4,638.27","4,713.07","4,713.07","4,101,590,000",Before
12-Jan-22,"4,728.59","4,748.83","4,706.71",8-Dec,"4,726.35","4,048,220,000",Before
13-Jan-22,"4,733.56","4,744.13","4,650.29",2-Oct,"4,659.03","4,251,730,000",Before
14-Jan-22,"4,637.99","4,665.13","4,614.75",5-Oct,"4,662.85","4,338,490,000",Before
18-Jan-22,"4,632.24","4,632.24","4,568.70",12-Jul,"4,577.11","4,748,700,000",Before
19-Jan-22,"4,588.03","4,611.55","4,530.20",28-May,"4,532.76","4,465,740,000",Before
20-Jan-22,"4,547.35","4,602.11","4,477.95",8-Apr,"4,482.73","4,640,870,000",Before
21-Jan-22,"4,471.38","4,494.52","4,395.34","4,397.94","4,397.94","5,589,100,000",Before
24-Jan-22,"4,356.32","4,417.35","4,222.62",27-Jan,"4,410.13","6,928,110,000",Before
25-Jan-22,"4,366.64","4,411.01","4,287.11",4-Dec,"4,356.45","5,145,050,000",Before
26-Jan-22,"4,408.43","4,453.23","4,304.80","4,349.93","4,349.93","5,570,640,000",Before
27-Jan-22,"4,380.58","4,428.74","4,309.50",4-Nov,"4,326.51","5,214,200,000",Before
28-Jan-22,"4,336.19","4,432.72","4,292.46","4,431.85","4,431.85","5,031,090,000",Before
31-Jan-22,"4,431.79","4,516.89","4,414.02","4,515.55","4,515.55","5,098,610,000",Before
1-Feb-22,"4,519.57","4,550.49","4,483.53","4,546.54","4,546.54","4,816,830,000",Before
2-Feb-22,"4,566.39","4,595.31","4,544.32","4,589.38","4,589.38","4,481,580,000",Before
3-Feb-22,"4,535.41","4,542.88","4,470.39",3-Apr,"4,477.44","4,401,970,000",Before
4-Feb-22,"4,482.79","4,539.66","4,451.50","4,500.53","4,500.53","4,706,290,000",Before
7-Feb-22,"4,505.75","4,521.86","4,471.47",9-Apr,"4,483.87","4,228,480,000",Before
8-Feb-22,"4,480.02","4,531.32","4,465.40","4,521.54","4,521.54","4,459,620,000",Before
9-Feb-22,"4,547.00","4,590.03","4,547.00","4,587.18","4,587.18","4,524,350,000",Before
10-Feb-22,"4,553.24","4,588.92","4,484.31","4,504.08","4,504.08","5,314,860,000",Before
11-Feb-22,"4,506.27","4,526.33","4,401.41","4,418.64","4,418.64","5,251,500,000",Before
14-Feb-22,"4,412.61","4,426.22","4,364.84","4,401.67","4,401.67","4,600,390,000",Before
15-Feb-22,"4,429.28","4,472.77","4,429.28","4,471.07","4,471.07","4,430,830,000",Before
16-Feb-22,"4,455.75","4,489.55","4,429.68","4,475.01","4,475.01","4,283,640,000",Before
17-Feb-22,"4,456.06","4,456.06","4,373.81","4,380.26","4,380.26","4,539,420,000",Before
18-Feb-22,"4,384.57","4,394.60","4,327.22",26-Nov,"4,348.87","4,708,060,000",Before
22-Feb-22,"4,332.74","4,362.12","4,267.11","4,304.76","4,304.76","5,121,900,000",Before
23-Feb-22,"4,324.93","4,341.51","4,221.51",26-Jul,"4,225.50","4,797,430,000",Before
24-Feb-22,"4,155.77","4,294.73","4,114.65",27-Sep,"4,288.70","6,752,130,000",After
25-Feb-22,"4,298.38","4,385.34","4,286.83","4,384.65","4,384.65","5,177,060,000",After
28-Feb-22,"4,354.17","4,388.84","4,315.12","4,373.94","4,373.94","6,071,370,000",After
1-Mar-22,"4,363.14","4,378.45","4,279.54",15-Oct,"4,306.26","5,846,230,000",After
2-Mar-22,"4,322.56","4,401.48","4,322.56",3-Jan,"4,386.54","5,337,870,000",After
3-Mar-22,"4,401.31","4,416.78","4,345.56","4,363.49","4,363.49","5,039,890,000",After
4-Mar-22,"4,342.12","4,342.12","4,284.98","4,328.87","4,328.87","5,797,380,000",After
7-Mar-22,"4,327.01","4,327.01","4,199.85",2-Jul,"4,201.09","6,940,470,000",After
8-Mar-22,"4,202.66","4,276.94","4,157.87","4,170.70","4,170.70","7,243,120,000",After
9-Mar-22,"4,223.10","4,299.40","4,223.10",16-Sep,"4,277.88","5,662,670,000",After
10-Mar-22,"4,252.55","4,268.28","4,209.80",29-Aug,"4,259.52","4,980,830,000",After
11-Mar-22,"4,279.50","4,291.01","4,200.49","4,204.31","4,204.31","4,938,640,000",After
14-Mar-22,"4,202.75","4,247.57","4,161.72","4,173.11","4,173.11","5,574,920,000",After
15-Mar-22,"4,188.82","4,271.05","4,187.90","4,262.45","4,262.45","5,392,470,000",After
16-Mar-22,"4,288.14","4,358.90","4,251.99","4,357.86","4,357.86","6,309,750,000",After
17-Mar-22,"4,345.11","4,412.67","4,335.65","4,411.67","4,411.67","4,985,090,000",After
18-Mar-22,"4,407.34","4,465.40","4,390.57","4,463.12","4,463.12","8,278,430,000",After
21-Mar-22,"4,462.40","4,481.75","4,424.30","4,461.18","4,461.18","4,869,820,000",After
22-Mar-22,"4,469.10","4,522.00","4,469.10","4,511.61","4,511.61","4,754,840,000",After
23-Mar-22,"4,493.10","4,501.07","4,455.81","4,456.24","4,456.24","4,550,670,000",After
24-Mar-22,"4,469.98","4,520.58","4,465.17","4,520.16","4,520.16","4,131,390,000",After
25-Mar-22,"4,522.91","4,546.03","4,501.07",8-Jun,"4,543.06","4,305,020,000",After
28-Mar-22,"4,541.09","4,575.65","4,517.69",10-Jul,"4,575.52","4,312,260,000",After
29-Mar-22,"4,602.86","4,637.30","4,589.66","4,631.60","4,631.60","5,085,910,000",After
30-Mar-22,"4,624.20","4,627.77","4,581.32","4,602.45","4,602.45","4,385,570,000",After
31-Mar-22,"4,599.02","4,603.07","4,530.41","4,530.41","4,530.41","4,823,020,000",After
1-Apr-22,"4,540.32","4,548.70","4,507.57","4,545.86","4,545.86","4,562,940,000",After
4-Apr-22,"4,547.97","4,583.50","4,539.21",17-Jul,"4,582.64","4,547,350,000",After
5-Apr-22,"4,572.45","4,593.45","4,514.17","4,525.12","4,525.12","4,800,620,000",After
6-Apr-22,"4,494.17","4,503.94","4,450.04",7-Apr,"4,481.15","4,986,830,000",After
7-Apr-22,"4,474.65","4,521.16","4,450.30","4,500.21","4,500.21","4,821,490,000",After
8-Apr-22,"4,494.15","4,520.41","4,474.60","4,488.28","4,488.28","4,083,200,000",After
11-Apr-22,"4,462.64","4,464.35","4,408.38","4,412.53","4,412.53","4,266,290,000",After
12-Apr-22,"4,437.59","4,471.00","4,381.34","4,397.45","4,397.45","4,152,090,000",After
13-Apr-22,"4,394.30","4,453.92","4,392.70","4,446.59","4,446.59","3,828,150,000",After
14-Apr-22,"4,449.12","4,460.46","4,390.77",9-Jan,"4,392.59","4,083,090,000",After
18-Apr-22,"4,385.63","4,410.31","4,370.30","4,391.69","4,391.69","3,910,490,000",After
19-Apr-22,"4,390.63","4,471.03","4,390.63",19-Mar,"4,462.21","4,108,120,000",After
20-Apr-22,"4,472.26","4,488.29","4,448.76",16-Mar,"4,459.45","4,290,450,000",After
21-Apr-22,"4,489.17","4,512.94","4,384.47",10-Jan,"4,393.66","4,636,890,000",After
22-Apr-22,"4,385.83","4,385.83","4,267.62","4,271.78","4,271.78","4,651,940,000",After
25-Apr-22,"4,255.34","4,299.02","4,200.82","4,296.12","4,296.12","5,240,040,000",After
26-Apr-22,"4,278.14","4,278.14","4,175.04",6-Jun,"4,175.20","4,689,970,000",After
27-Apr-22,"4,186.52","4,240.71","4,162.90","4,183.96","4,183.96","4,769,680,000",After
28-Apr-22,"4,222.58","4,308.45","4,188.63","4,287.50","4,287.50","4,854,180,000",After
29-Apr-22,"4,253.75","4,269.68","4,124.28","4,131.93","4,131.93","5,084,030,000",After
2-May-22,"4,130.61","4,169.81","4,062.51","4,155.38","4,155.38","5,163,790,000",After
3-May-22,"4,159.78","4,200.10","4,147.08","4,175.48","4,175.48","4,582,050,000",After
4-May-22,"4,181.18","4,307.66","4,148.91","4,300.17","4,300.17","5,136,360,000",After
5-May-22,"4,270.43","4,270.43","4,106.01",8-May,"4,146.87","5,077,030,000",After
6-May-22,"4,128.17","4,157.69","4,067.91","4,123.34","4,123.34","5,116,940,000",After
9-May-22,"4,081.27","4,081.27","3,975.48","3,991.24","3,991.24","5,954,520,000",After
10-May-22,"4,035.18","4,068.82","3,958.17","4,001.05","4,001.05","5,885,820,000",After
11-May-22,"3,990.08","4,049.09","3,928.82","3,935.18","3,935.18","5,816,140,000",After
12-May-22,"3,903.95","3,964.80","3,858.87",4-Oct,"3,930.08","6,286,450,000",After
13-May-22,"3,963.90","4,038.88","3,963.90","4,023.89","4,023.89","5,183,340,000",After
16-May-22,"4,013.02","4,046.46","3,983.99","4,008.01","4,008.01","4,415,030,000",After
17-May-22,"4,052.00","4,090.72","4,033.93",11-Mar,"4,088.85","4,841,410,000",After
18-May-22,"4,051.98","4,051.98","3,911.91","3,923.68","3,923.68","5,103,220,000",After
19-May-22,"3,899.00","3,945.96","3,876.58",4-Sep,"3,900.79","5,113,550,000",After
20-May-22,"3,927.76","3,943.42","3,810.32",5-Sep,"3,901.36","5,130,730,000",After
23-May-22,"3,919.42","3,981.88","3,909.04","3,973.75","3,973.75","4,420,030,000",After
24-May-22,"3,942.94","3,955.68","3,875.13",15-Oct,"3,941.48","4,923,190,000",After
25-May-22,"3,929.59","3,999.33","3,925.03","3,978.73","3,978.73","4,802,560,000",After
26-May-22,"3,984.60","4,075.14","3,984.60",8-Feb,"4,057.84","4,709,970,000",After
27-May-22,"4,077.43","4,158.49","4,077.43",20-May,"4,158.24","4,375,620,000",After
31-May-22,"4,151.09","4,168.34","4,104.88","4,132.15","4,132.15","6,822,640,000",After
1-Jun-22,"4,149.78","4,166.54","4,073.85","4,101.23","4,101.23","4,531,800,000",After
2-Jun-22,"4,095.41","4,177.51","4,074.37","4,176.82","4,176.82","4,405,790,000",After
3-Jun-22,"4,137.57","4,142.67","4,098.67","4,108.54","4,108.54","3,711,110,000",After
6-Jun-22,"4,134.72","4,168.78","4,109.18","4,121.43","4,121.43","4,332,700,000",After
7-Jun-22,"4,096.47","4,164.86","4,080.19","4,160.68","4,160.68","4,248,210,000",After
8-Jun-22,"4,147.12","4,160.14","4,107.20","4,115.77","4,115.77","4,159,470,000",After
9-Jun-22,"4,101.65","4,119.10","4,017.17","4,017.82","4,017.82","4,134,170,000",After
10-Jun-22,"3,974.39","3,974.39","3,900.16","3,900.86","3,900.86","4,889,640,000",After
13-Jun-22,"3,838.15","3,838.15","3,734.30","3,749.63","3,749.63","5,636,890,000",After
14-Jun-22,"3,763.52","3,778.18","3,705.68","3,735.48","3,735.48","5,153,890,000",After
15-Jun-22,"3,764.05","3,837.56","3,722.30",16-May,"3,789.99","5,530,480,000",After
16-Jun-22,"3,728.18","3,728.18","3,639.77","3,666.77","3,666.77","5,644,930,000",After
17-Jun-22,"3,665.90","3,707.71","3,636.87","3,674.84","3,674.84","8,520,740,000",After
21-Jun-22,"3,715.31","3,779.65","3,715.31","3,764.79","3,764.79","5,292,260,000",After
22-Jun-22,"3,733.89","3,801.79","3,717.69","3,759.89","3,759.89","5,058,990,000",After
23-Jun-22,"3,774.71","3,802.58","3,743.52","3,795.73","3,795.73","5,098,640,000",After
24-Jun-22,"3,821.75","3,913.65","3,821.75","3,911.74","3,911.74","8,120,260,000",After
27-Jun-22,"3,920.76","3,927.72","3,889.66","3,900.11","3,900.11","4,325,310,000",After
28-Jun-22,"3,913.00","3,945.86","3,820.14","3,821.55","3,821.55","4,270,120,000",After
29-Jun-22,"3,825.09","3,836.50","3,799.02","3,818.83","3,818.83","4,211,240,000",After
30-Jun-22,"3,785.99","3,818.99","3,738.67","3,785.38","3,785.38","4,840,070,000",After
1-Jul-22,"3,781.00","3,829.82","3,752.10","3,825.33","3,825.33","4,046,950,000",After
5-Jul-22,"3,792.61","3,832.19","3,742.06","3,831.39","3,831.39","5,076,590,000",After
6-Jul-22,"3,831.98","3,870.91","3,809.37","3,845.08","3,845.08","4,417,720,000",After
7-Jul-22,"3,858.85","3,910.63","3,858.85","3,902.62","3,902.62","4,057,770,000",After
8-Jul-22,"3,888.26","3,918.50","3,869.34","3,899.38","3,899.38","3,521,620,000",After
11-Jul-22,"3,880.94","3,880.94","3,847.22","3,854.43","3,854.43","3,423,480,000",After
12-Jul-22,"3,851.95","3,873.41","3,802.36","3,818.80","3,818.80","3,817,210,000",After
13-Jul-22,"3,779.67","3,829.44","3,759.07","3,801.78","3,801.78","4,109,390,000",After
14-Jul-22,"3,763.99","3,796.41","3,721.56","3,790.38","3,790.38","4,199,690,000",After
15-Jul-22,"3,818.00","3,863.62","3,817.18","3,863.16","3,863.16","4,143,800,000",After
18-Jul-22,"3,883.79","3,902.44","3,818.63","3,830.85","3,830.85","4,046,870,000",After
19-Jul-22,"3,860.73","3,939.81","3,860.73","3,936.69","3,936.69","4,041,070,000",After
20-Jul-22,"3,935.32","3,974.13","3,922.03","3,959.90","3,959.90","4,185,300,000",After
21-Jul-22,"3,955.47","3,999.29","3,927.64","3,998.95","3,998.95","4,132,790,000",After
22-Jul-22,"3,998.43","4,012.44","3,938.86","3,961.63","3,961.63","3,979,240,000",After
25-Jul-22,"3,965.72","3,975.30","3,943.46","3,966.84","3,966.84","3,568,340,000",After
26-Jul-22,"3,953.22","3,953.22","3,910.74","3,921.05","3,921.05","3,778,950,000",After
27-Jul-22,"3,951.43","4,039.56","3,951.43","4,023.61","4,023.61","4,112,180,000",After
28-Jul-22,"4,026.13","4,078.95","3,992.97","4,072.43","4,072.43","4,413,000,000",After
29-Jul-22,"4,087.33","4,140.15","4,079.22","4,130.29","4,130.29","4,616,360,000",After
1-Aug-22,"4,112.38","4,144.95","4,096.02","4,118.63","4,118.63","4,202,810,000",After
2-Aug-22,"4,104.21","4,140.47","4,079.81","4,091.19","4,091.19","4,727,710,000",After
3-Aug-22,"4,107.96","4,167.66","4,107.96","4,155.17","4,155.17","4,351,760,000",After
4-Aug-22,"4,154.85","4,161.29","4,135.42","4,151.94","4,151.94","4,283,320,000",After
5-Aug-22,"4,115.87","4,151.58","4,107.31","4,145.19","4,145.19","4,085,940,000",After
8-Aug-22,"4,155.93","4,186.62","4,128.97",2-May,"4,140.06","4,221,090,000",After
9-Aug-22,"4,133.11","4,137.30","4,112.09","4,122.47","4,122.47","3,913,090,000",After
10-Aug-22,"4,181.02","4,211.03","4,177.26","4,210.24","4,210.24","4,546,010,000",After
11-Aug-22,"4,227.40","4,257.91","4,201.41","4,207.27","4,207.27","4,630,200,000",After
12-Aug-22,"4,225.02","4,280.47","4,219.78","4,280.15","4,280.15","3,788,010,000",After
15-Aug-22,"4,269.37","4,301.79","4,256.90","4,297.14","4,297.14","3,696,830,000",After
16-Aug-22,"4,290.46","4,325.28","4,277.77","4,305.20","4,305.20","4,329,820,000",After
17-Aug-22,"4,280.40","4,302.18","4,253.08","4,274.04","4,274.04","3,885,030,000",After
18-Aug-22,"4,273.13","4,292.53","4,261.98","4,283.74","4,283.74","3,340,330,000",After
19-Aug-22,"4,266.31","4,266.31","4,218.70","4,228.48","4,228.48","3,761,340,000",After
22-Aug-22,"4,195.08","4,195.08","4,129.86","4,137.99","4,137.99","3,907,430,000",After
23-Aug-22,"4,133.09","4,159.77","4,124.03","4,128.73","4,128.73","3,823,520,000",After
24-Aug-22,"4,126.55","4,156.56","4,119.97","4,140.77","4,140.77","3,583,630,000",After
25-Aug-22,"4,153.26","4,200.54","4,147.59",30-Jun,"4,199.12","3,566,870,000",After
26-Aug-22,"4,198.74","4,203.04","4,057.66","4,057.66","4,057.66","3,832,750,000",After
29-Aug-22,"4,034.58","4,062.99","4,017.42",12-Jan,"4,030.61","3,396,510,000",After
30-Aug-22,"4,041.25","4,044.98","3,965.21","3,986.16","3,986.16","3,835,860,000",After
31-Aug-22,"4,000.67","4,015.37","3,954.53","3,955.00","3,955.00","4,542,490,000",After
1-Sep-22,"3,936.73","3,970.23","3,903.65",9-Nov,"3,966.85","4,152,250,000",After
2-Sep-22,"3,994.66","4,018.43","3,906.21","3,924.26","3,924.26","3,665,850,000",After
6-Sep-22,"3,930.89","3,942.55","3,886.75","3,908.19","3,908.19","4,127,340,000",After
7-Sep-22,"3,909.43","3,987.89","3,906.03","3,979.87","3,979.87","3,890,320,000",After
8-Sep-22,"3,959.94","4,010.50","3,944.81","4,006.18","4,006.18","3,966,850,000",After
9-Sep-22,"4,022.94","4,076.81","4,022.94","4,067.36","4,067.36","3,901,940,000",After
12-Sep-22,"4,083.67","4,119.28","4,083.67","4,110.41","4,110.41","3,814,200,000",After
13-Sep-22,"4,037.12","4,037.12","3,921.28","3,932.69","3,932.69","4,224,550,000",After
14-Sep-22,"3,940.73","3,961.94","3,912.18","3,946.01","3,946.01","4,293,240,000",After
15-Sep-22,"3,932.41","3,959.14","3,888.28","3,901.35","3,901.35","4,441,830,000",After
16-Sep-22,"3,880.95","3,880.95","3,837.08","3,873.33","3,873.33","7,954,650,000",After
19-Sep-22,"3,849.91","3,900.45","3,838.50","3,899.89","3,899.89","3,766,850,000",After
20-Sep-22,"3,875.23","3,876.01","3,827.54","3,855.93","3,855.93","4,058,050,000",After
21-Sep-22,"3,871.40","3,907.07","3,789.49","3,789.93","3,789.93","4,078,330,000",After
22-Sep-22,"3,782.36","3,790.90","3,749.45",14-Apr,"3,757.99","4,284,600,000",After
23-Sep-22,"3,727.14","3,727.14","3,647.47","3,693.23","3,693.23","5,144,270,000",After
26-Sep-22,"3,682.72","3,715.67","3,644.76","3,655.04","3,655.04","4,886,140,000",After
27-Sep-22,"3,686.44","3,717.53","3,623.29","3,647.29","3,647.29","4,577,740,000",After
28-Sep-22,"3,651.94","3,736.74","3,640.61","3,719.04","3,719.04","4,684,850,000",After
29-Sep-22,"3,687.01","3,687.01","3,610.40","3,640.47","3,640.47","4,681,810,000",After
30-Sep-22,"3,633.48","3,671.44","3,584.13","3,585.62","3,585.62","5,645,360,000",After
3-Oct-22,"3,609.78","3,698.35","3,604.93","3,678.43","3,678.43","4,806,680,000",After
4-Oct-22,"3,726.46","3,791.92","3,726.46","3,790.93","3,790.93","5,146,580,000",After
5-Oct-22,"3,753.25","3,806.91","3,722.66","3,783.28","3,783.28","4,293,180,000",After
6-Oct-22,"3,771.97","3,797.93","3,739.22","3,744.52","3,744.52","4,252,100,000",After
7-Oct-22,"3,706.74","3,706.74","3,620.73","3,639.66","3,639.66","4,449,660,000",After
10-Oct-22,"3,647.51","3,652.17","3,588.10",20-Nov,"3,612.39","3,834,320,000",After
11-Oct-22,"3,595.86","3,640.66","3,568.45","3,588.84","3,588.84","4,759,030,000",After
12-Oct-22,"3,590.83","3,608.34","3,573.86","3,577.03","3,577.03","4,006,830,000",After
13-Oct-22,"3,520.37","3,685.41","3,491.58","3,669.91","3,669.91","5,021,680,000",After
14-Oct-22,"3,690.41","3,712.00","3,579.68","3,583.07","3,583.07","4,243,030,000",After
17-Oct-22,"3,638.65","3,689.73","3,638.65","3,677.95","3,677.95","4,352,780,000",After
18-Oct-22,"3,746.26","3,762.79","3,686.53","3,719.98","3,719.98","4,483,740,000",After
19-Oct-22,"3,703.11","3,728.58","3,666.51","3,695.16","3,695.16","4,223,800,000",After
20-Oct-22,"3,689.05","3,736.00","3,656.44","3,665.78","3,665.78","4,496,620,000",After
21-Oct-22,"3,657.10","3,757.89","3,647.42","3,752.75","3,752.75","5,078,020,000",After
24-Oct-22,"3,762.01","3,810.74","3,741.65","3,797.34","3,797.34","4,747,930,000",After
25-Oct-22,"3,799.44","3,862.85","3,799.44","3,859.11","3,859.11","4,843,120,000",After
26-Oct-22,"3,825.97","3,886.15","3,824.07","3,830.60","3,830.60","4,817,310,000",After
27-Oct-22,"3,834.69","3,859.95","3,803.79","3,807.30","3,807.30","4,687,320,000",After
28-Oct-22,"3,808.26","3,905.42","3,808.26","3,901.06","3,901.06","4,459,410,000",After
31-Oct-22,"3,881.85","3,893.73","3,863.18","3,871.98","3,871.98","4,820,620,000",After
1-Nov-22,"3,901.79","3,911.79","3,843.80","3,856.10","3,856.10","4,481,210,000",After
2-Nov-22,"3,852.90","3,894.44","3,758.68","3,759.69","3,759.69","4,899,000,000",After
3-Nov-22,"3,733.25","3,750.59","3,698.15","3,719.89","3,719.89","4,625,290,000",After
4-Nov-22,"3,766.98","3,796.34","3,708.84","3,770.55","3,770.55","5,400,180,000",After
7-Nov-22,"3,780.71","3,813.95","3,764.70","3,806.80","3,806.80","4,341,620,000",After
8-Nov-22,"3,817.02","3,859.40","3,786.28","3,828.11","3,828.11","4,607,640,000",After
9-Nov-22,"3,810.94","3,818.20","3,744.22","3,748.57","3,748.57","4,645,010,000",After
10-Nov-22,"3,859.89","3,958.33","3,859.89","3,956.37","3,956.37","5,781,260,000",After
11-Nov-22,"3,963.72","4,001.48","3,944.82","3,992.93","3,992.93","5,593,310,000",After
14-Nov-22,"3,977.97","4,008.97","3,956.40","3,957.25","3,957.25","4,561,930,000",After
15-Nov-22,"4,006.41","4,028.84","3,953.17","3,991.73","3,991.73","5,015,310,000",After
16-Nov-22,"3,976.82","3,983.09","3,954.34","3,958.79","3,958.79","4,165,320,000",After
17-Nov-22,"3,919.26","3,954.33","3,906.54","3,946.56","3,946.56","4,051,780,000",After
18-Nov-22,"3,966.39","3,979.89","3,935.98","3,965.34","3,965.34","4,037,360,000",After
21-Nov-22,"3,956.23","3,962.00","3,933.34","3,949.94","3,949.94","3,850,690,000",After
22-Nov-22,"3,965.51","4,005.88","3,956.88","4,003.58","4,003.58","3,887,990,000",After
23-Nov-22,"4,000.30","4,033.78","3,998.66","4,027.26","4,027.26","3,279,720,000",After
25-Nov-22,"4,023.34","4,034.02","4,020.76","4,026.12","4,026.12","1,706,460,000",After
28-Nov-22,"4,005.36","4,012.27","3,955.77","3,963.94","3,963.94","3,615,430,000",After
29-Nov-22,"3,964.19","3,976.77","3,937.65","3,957.63","3,957.63","3,546,040,000",After
30-Nov-22,"3,957.18","4,080.11","3,938.58","4,080.11","4,080.11","6,579,360,000",After
1-Dec-22,"4,087.14","4,100.51","4,050.87","4,076.57","4,076.57","4,527,130,000",After
2-Dec-22,"4,040.17","4,080.48","4,026.63","4,071.70","4,071.70","4,012,620,000",After
5-Dec-22,"4,052.02","4,052.45","3,984.49","3,998.84","3,998.84","4,280,820,000",After
6-Dec-22,"3,996.63","4,001.51","3,918.39","3,941.26","3,941.26","4,368,380,000",After
7-Dec-22,"3,933.28","3,957.57","3,922.68","3,933.92","3,933.92","4,118,050,000",After
8-Dec-22,"3,947.79","3,974.19","3,935.83","3,963.51","3,963.51","4,006,900,000",After
9-Dec-22,"3,954.17","3,977.02","3,933.04","3,934.38","3,934.38","3,888,260,000",After
12-Dec-22,"3,939.29","3,990.71","3,935.30","3,990.56","3,990.56","3,904,130,000",After
13-Dec-22,"4,069.38","4,100.96","3,993.03","4,019.65","4,019.65","5,079,360,000",After
14-Dec-22,"4,015.54","4,053.76","3,965.65","3,995.32","3,995.32","4,472,340,000",After
15-Dec-22,"3,958.37","3,958.37","3,879.45","3,895.75","3,895.75","4,493,900,000",After
16-Dec-22,"3,890.91","3,890.91","3,827.91","3,852.36","3,852.36","7,493,660,000",After
19-Dec-22,"3,853.79","3,854.86","3,800.04","3,817.66","3,817.66","3,969,610,000",After
20-Dec-22,"3,810.47","3,838.24","3,795.62","3,821.62","3,821.62","3,985,370,000",After
21-Dec-22,"3,839.49","3,889.82","3,839.49","3,878.44","3,878.44","3,775,200,000",After
22-Dec-22,"3,853.26","3,853.26","3,764.49","3,822.39","3,822.39","3,956,950,000",After
23-Dec-22,"3,815.11","3,845.80","3,797.01","3,844.82","3,844.82","2,819,280,000",After
27-Dec-22,"3,843.34","3,846.65","3,813.22","3,829.25","3,829.25","3,030,300,000",After
28-Dec-22,"3,829.56","3,848.32","3,780.78","3,783.22","3,783.22","3,083,520,000",After
29-Dec-22,"3,805.45","3,858.19","3,805.45","3,849.28","3,849.28","3,003,680,000",After
30-Dec-22,"3,829.06","3,839.85","3,800.34","3,839.50","3,839.50","2,979,870,000",After
3-Jan-23,"3,853.29","3,878.46","3,794.33","3,824.14","3,824.14","3,959,140,000",After
4-Jan-23,"3,840.36","3,873.16","3,815.77","3,852.97","3,852.97","4,414,080,000",After
5-Jan-23,"3,839.74","3,839.74","3,802.42","3,808.10","3,808.10","3,893,450,000",After
6-Jan-23,"3,823.37","3,906.19","3,809.56","3,895.08","3,895.08","3,923,560,000",After
9-Jan-23,"3,910.82","3,950.57","3,890.42","3,892.09","3,892.09","4,311,770,000",After
10-Jan-23,"3,888.57","3,919.83","3,877.29","3,919.25","3,919.25","3,851,030,000",After
11-Jan-23,"3,932.35","3,970.07","3,928.54","3,969.61","3,969.61","4,303,360,000",After
12-Jan-23,"3,977.57","3,997.76","3,937.56","3,983.17","3,983.17","4,440,260,000",After
13-Jan-23,"3,960.60","4,003.95","3,947.67","3,999.09","3,999.09","3,939,700,000",After
17-Jan-23,"3,999.28","4,015.39","3,984.57","3,990.97","3,990.97","4,235,560,000",After
18-Jan-23,"4,002.25","4,014.16","3,926.59","3,928.86","3,928.86","4,298,710,000",After
19-Jan-23,"3,911.84","3,922.94","3,885.54","3,898.85","3,898.85","3,991,500,000",After
20-Jan-23,"3,909.04","3,972.96","3,897.86","3,972.61","3,972.61","4,013,360,000",After
23-Jan-23,"3,978.14","4,039.31","3,971.64","4,019.81","4,019.81","3,945,210,000",After
24-Jan-23,"4,001.74","4,023.92","3,989.79","4,016.95","4,016.95","3,320,430,000",After
25-Jan-23,"3,982.71","4,019.55","3,949.06","4,016.22","4,016.22","3,724,020,000",After
26-Jan-23,"4,036.08","4,061.57","4,013.29","4,060.43","4,060.43","3,809,590,000",After
27-Jan-23,"4,053.72","4,094.21","4,048.70","4,070.56","4,070.56","3,907,760,000",After
30-Jan-23,"4,049.27","4,063.85","4,015.55","4,017.77","4,017.77","3,802,000,000",After
31-Jan-23,"4,020.85","4,077.16","4,020.44","4,076.60","4,076.60","4,679,320,000",After
1-Feb-23,"4,070.07","4,148.95","4,037.20","4,119.21","4,119.21","4,856,930,000",After
2-Feb-23,"4,158.68","4,195.44","4,141.88","4,179.76","4,179.76","5,624,360,000",After
3-Feb-23,"4,136.69","4,182.36","4,123.36","4,136.48","4,136.48","4,694,510,000",After
6-Feb-23,"4,119.57","4,124.63","4,093.38","4,111.08","4,111.08","4,114,240,000",After
7-Feb-23,"4,105.35","4,176.54","4,088.39","4,164.00","4,164.00","4,355,860,000",After
8-Feb-23,"4,153.47","4,156.85","4,111.67","4,117.86","4,117.86","4,029,820,000",After
9-Feb-23,"4,144.25","4,156.23","4,069.67","4,081.50","4,081.50","4,270,200,000",After
10-Feb-23,"4,068.92","4,094.36","4,060.79","4,090.46","4,090.46","3,891,520,000",After
13-Feb-23,"4,096.62","4,138.90","4,092.67","4,137.29","4,137.29","3,448,620,000",After
14-Feb-23,"4,126.70","4,159.77","4,095.01","4,136.13","4,136.13","3,929,200,000",After
15-Feb-23,"4,119.50","4,148.11","4,103.98","4,147.60","4,147.60","4,075,980,000",After
16-Feb-23,"4,114.75","4,136.54","4,089.49","4,090.41","4,090.41","4,143,660,000",After
17-Feb-23,"4,077.39","4,081.51","4,047.95","4,079.09","4,079.09","4,045,480,000",After
21-Feb-23,"4,052.35","4,052.35","3,995.19","3,997.34","3,997.34","4,121,590,000",After
22-Feb-23,"4,001.83","4,017.37","3,976.90","3,991.05","3,991.05","4,079,320,000",After
23-Feb-23,"4,018.60","4,028.30","3,969.19","4,012.32","4,012.32","3,952,940,000",After
24-Feb-23,"3,973.24","3,978.25","3,943.08","3,970.04","3,970.04","3,877,700,000",After
27-Feb-23,"3,992.36","4,018.05","3,973.55","3,982.24","3,982.24","3,836,950,000",After
28-Feb-23,"3,977.19","3,997.50","3,968.98","3,970.15","3,970.15","5,043,400,000",After
1-Mar-23,"3,963.34","3,971.73","3,939.05","3,951.39","3,951.39","4,249,480,000",After
2-Mar-23,"3,938.68","3,990.84","3,928.16","3,981.35","3,981.35","4,244,900,000",After
3-Mar-23,"3,998.02","4,048.29","3,995.17","4,045.64","4,045.64","4,084,730,000",After
6-Mar-23,"4,055.15","4,078.49","4,044.61","4,048.42","4,048.42","4,000,870,000",After
7-Mar-23,"4,048.26","4,050.00","3,980.31","3,986.37","3,986.37","3,922,500,000",After
8-Mar-23,"3,987.55","4,000.41","3,969.76","3,992.01","3,992.01","3,535,570,000",After
9-Mar-23,"3,998.66","4,017.81","3,908.70","3,918.32","3,918.32","4,445,260,000",After
10-Mar-23,"3,912.77","3,934.05","3,846.32","3,861.59","3,861.59","5,518,190,000",After
13-Mar-23,"3,835.12","3,905.05","3,808.86","3,855.76","3,855.76","6,558,020,000",After
14-Mar-23,"3,894.01","3,937.29","3,873.63","3,919.29","3,919.29","5,665,870,000",After
15-Mar-23,"3,876.74","3,894.26","3,838.24","3,891.93","3,891.93","6,594,010,000",After
16-Mar-23,"3,878.93","3,964.46","3,864.11","3,960.28","3,960.28","5,695,790,000",After
17-Mar-23,"3,958.69","3,958.91","3,901.27","3,916.64","3,916.64","9,354,280,000",After
20-Mar-23,"3,917.47","3,956.62","3,916.89","3,951.57","3,951.57","5,347,140,000",After
21-Mar-23,"3,975.89","4,009.08","3,971.19","4,002.87","4,002.87","4,920,240,000",After
22-Mar-23,"4,002.04","4,039.49","3,936.17","3,936.97","3,936.97","4,533,010,000",After
23-Mar-23,"3,959.21","4,007.66","3,919.05","3,948.72","3,948.72","4,991,600,000",After
24-Mar-23,"3,939.21","3,972.74","3,909.16","3,970.99","3,970.99","4,583,970,000",After
